Names,Price Range,Open Hours,Reviews,Address,Website,Phone Number
The Hoxton - Shoreditch,Unclaimed ,Open 24 hours,188 reviews,81-83 Great Eastern Street London EC2A 3HU United Kingdom,https://www.thehoxton.com,020 7550 1000
London Marriott Hotel Park Lane,£££ ,Open 24 hours,45 reviews,140 Park Lane London W1K 7AA United Kingdom,https://www.marriott.com/hotels/travel/lon…,020 7493 7000
Hotel 41,££££ ,Open 24 hours,29 reviews,41 Buckingham Palace Road London SW1W 0PS United Kingdom,https://www.41hotel.com,020 7300 0041
Savoy Hotel,££££ ,Null,95 reviews,Strand London WC2R 0EU United Kingdom,https://www.fairmont.com/savoy-london,020 7836 4343
The Ritz London,££££ ,Open 24 hours,203 reviews,150 Piccadilly London W1J 9BR United Kingdom,https://www.theritzlondon.com,020 7493 8181
The Dorchester,££££ ,Null,119 reviews,53 Park Lane London W1K 1QA United Kingdom,https://www.dorchestercollection.com,020 7629 8888
Claridge's,££££ ,12:00 PM - 1:00 AM (Next day),107 reviews,Brook Street London W1K 4HR United Kingdom,https://www.claridges.co.uk,020 7629 8860
Corinthia Hotel London,££££ ,Open 24 hours,64 reviews,Whitehall Place London London SW1A 2BD United Kingdom,https://www.corinthia.com/London,020 7930 8181
The Ned,£££ ,Open 24 hours,31 reviews,27 Poultry London EC2R 8AJ United Kingdom,https://www.thened.com,020 3828 2000
JW Marriott Grosvenor House London,£££ ,Open 24 hours,108 reviews,86-90 Park Lane London W1K 7TN United Kingdom,https://www.marriott.com/hotels/travel/lon…,020 7499 6363
The Landmark London,££££ ,Open 24 hours,60 reviews,222 Marylebone Road London NW1 6JQ United Kingdom,https://www.landmarklondon.co.uk,020 7631 8000
Hotel Indigo,££ ,Null,33 reviews,16 London Street London W2 1HL United Kingdom,https://www.hotelindigo.com,020 7706 4444
The Kensington Hotel,£££ ,Open 24 hours,45 reviews,109 - 113 Queen's Gate South Kensington London SW7 5LR United Kingdom,https://www.doylecollection.com,020 7589 6300
Four Seasons Hotel,Unclaimed ,Open 24 hours,28 reviews,Hamilton Place Park Lane London W1J 7DR United Kingdom,https://www.fourseasons.com,020 7499 0888
Mandarin Oriental,££££ ,9:00 AM - 9:00 AM (Next day),36 reviews,66 Knightsbridge London SW1X 7LA United Kingdom,https://www.mandarinoriental.com,020 7235 2000
Kimpton Fitzroy London,Unclaimed ,Open 24 hours,9 reviews,1-8 Russell Square London WC1B 5BE United Kingdom,https://www.kimptonfitzroylondon.co.uk,020 7123 5000
The Langham London,££££ ,Open 24 hours,76 reviews,1C Portland Place Regent Street London W1B 1JA United Kingdom,https://www.langhamhotels.com,020 7636 1000
London Marriott Hotel County Hall,£££ ,Open 24 hours,108 reviews,London County Hall Westminster Bridge Road London SE1 7PB United Kingdom,https://www.marriott.com/hotels/travel/lon…,020 7928 5200
The Z Hotel Piccadilly,Unclaimed ,Null,12 reviews,2 Orange Street London WC2H 7DF United Kingdom,https://www.thezhotels.com/z-piccadilly,020 3551 3720
St. Pancras Renaissance Hotel London,£££ ,Open 24 hours,80 reviews,Euston Road London NW1 2AR United Kingdom,https://www.marriott.com/hotels/travel/lon…,020 7841 3540
The London EDITION,£££ ,6:00 AM - 6:00 AM (Next day),44 reviews,10 Berners Street London W1T 3NP United Kingdom,https://www.marriott.com/hotels/travel/lon…,020 7781 0000
"St. Ermin's Hotel, Autograph Collection",£££ ,Open 24 hours,124 reviews,2 Caxton Street London SW1H 0QW United Kingdom,https://www.marriott.com/hotels/travel/lon…,020 7222 7888
The Soho Hotel,£££ ,Open 24 hours,51 reviews,4 Richmond Mews London W1D 3DH United Kingdom,https://www.sohohotel.com,020 7559 3000
The Connaught,££££ ,Open 24 hours,33 reviews,Carlos Place Mayfair London W1K 2AL United Kingdom,https://www.the-connaught.co.uk,020 7499 7070
Dean Street Townhouse,£££ ,7:00 AM - 1:00 AM (Next day),136 reviews,69-71 Dean st London W1D 3SE United Kingdom,https://www.deanstreettownhouse.com,020 7434 1775
CitizenM Hotel,££ ,Open 24 hours,78 reviews,20 Lavington Street London SE1 0NZ United Kingdom,https://www.citizenm.com/destinations/lond…,020 3519 1680
Haymarket Hotel,£££ ,Open 24 hours,20 reviews,1 Suffolk Place London SW1Y 4HX United Kingdom,https://www.haymarkethotel.com,020 7470 4000
Dukes Hotel,££££ ,12:00 PM - 11:00 PM,53 reviews,35 St James's Place London SW1A 1NY United Kingdom,https://www.dukeshotel.com,020 7491 4840
Mercure London Hyde Park Hotel,Unclaimed ,Null,1 review,8 - 14 Talbot Square London W2 1TS United Kingdom,https://www.mercurehydepark.com,020 7835 2000
Sanderson Hotel,£££ ,Null,107 reviews,50 Berners Street London W1T 3NG United Kingdom,https://www.sandersonlondon.com,020 7300 1400
The Lanesborough,££££ ,Open 24 hours,46 reviews,The Lanesborough Lanesborough Place London SW1X 7TA United Kingdom,https://www.oetkercollection.com/hotels/th…,020 7259 5599
Sofitel ,£££ ,Open 24 hours,50 reviews,6 Waterloo Place London SW1Y 4AN United Kingdom,https://www.sofitelstjames.com,020 7747 2202
Park Plaza Westminster Bridge London,£££ ,Null,136 reviews,200 Westminster Bridge Road London SE1 7UT United Kingdom,https://www.parkplaza.com,0844 415 6790
Conrad London St. James,£££ ,Open 24 hours,67 reviews,22 - 28 Broadway London SW1H 0BH United Kingdom,https://www.conradhotels3.hilton.com/en/in…,020 3301 8080
"The Hoxton, Holborn",Unclaimed ,Open 24 hours,42 reviews,199 - 206 High Holborn London WC1V 7BD United Kingdom,https://www.thehoxton.com,020 7661 3000
DoubleTree by Hilton Hotel London - Hyde Park,££ ,Open 24 hours,34 reviews,150 Bayswater Road London W2 4RT United Kingdom,https://www.doubletree3.hilton.com,020 7229 1212
NUll,Null,Null,Null,Null,Null,Null
St Martins Lane Hotel,£££ ,Null,72 reviews,45 St Martin's Lane London WC2N 4HX United Kingdom,https://www.stmartinslane.com,020 7300 5500
Hyatt Regency London - The Churchill,£££ ,12:00 AM - 12:00 PM,69 reviews,30 Portman Square London W1H 7BH United Kingdom,https://www.londonchurchill.regency.hyatt.…,020 7486 5800
Baglioni Hotel,££££ ,10:00 AM - 9:00 PM,15 reviews,60 Hyde Park Gate Kensington London SW7 5BB United Kingdom,https://www.baglionihotels.com/london,020 7368 5700
Amba Hotel Charing Cross,Unclaimed ,Open 24 hours,36 reviews,The Strand Charing Cross London WC2N 5HX United Kingdom,https://www.amba-hotel.com,020 7747 8410
DORSETT,Unclaimed ,Null,24 reviews,58 Shepherds Bush Green London W12 8QE United Kingdom,https://www.dorsetthotels.com,020 3262 1026
Ham Yard Hotel,£££ ,Open 24 hours,29 reviews,One Ham Yard London W1D 7DT United Kingdom,https://www.firmdalehotels.com/hotels/lond…,Get Directions
The Rubens at the Palace,£££ ,Open 24 hours,84 reviews,39 Buckingham Palace Road London SW1W 0PS United Kingdom,https://www.rubenshotel.com,020 7834 6600
Great Scotland Yard Hotel,Unclaimed ,Open 24 hours,2 reviews,3-5 Great Scotland Yard London SW1A 2HN United Kingdom,https://www.hyatt.com/en-US/hotel/england-…,020 7925 4700
InterContinental London Park Lane,£££ ,Open 24 hours,51 reviews,One Hamilton Place Park Lane London W1J 7QY United Kingdom,https://www.intercontinental.com,020 7409 3131
Hub Premier Inn,Unclaimed ,Null,10 reviews,15 Dacre Street London SW1H 0DJ United Kingdom,https://www.Get Directions,Get Directions
Afternoon Tea at The Montague on The Gardens,£££ ,6:00 AM - 6:00 AM (Next day),56 reviews,15 Montague st Bloomsbury London WC1B 5BJ United Kingdom,https://www.montaguehotel.com/food-and-dri…,020 7637 1001
Pullman Hotel,Unclaimed ,Null,27 reviews,100 - 110 Euston Road London NW1 2AJ United Kingdom,https://www.pullmanhotels.com,020 7666 9000
Shangri La Hotel,Unclaimed ,Open 24 hours,30 reviews,At The Shard 31 St Thomas Street London SE1 9QU United Kingdom,https://www.shangri-la.com/london,020 7234 8000
Brown's Hotel,£££ ,Null,64 reviews,30 Albemarle Street London W1S 4BP United Kingdom,https://www.roccofortehotels.com/hotels-an…,020 7493 6020
THE CHESTERFIELD MAYFAIR,£££ ,Open 24 hours,57 reviews,35 Charles st Mayfair London W1J 5EB United Kingdom,https://www.chesterfieldmayfair.com,020 7491 2622
Point A Hotel Canary Wharf,Unclaimed ,Open 24 hours,1 review,21 Hertsmere Road W London E14 4AS United Kingdom,https://www.pointahotels.com,020 7531 8100
Andaz London Liverpool Street,£££ ,Open 24 hours,88 reviews,40 Liverpool Street London EC2M 7QN United Kingdom,https://www.londonliverpoolstreet.andaz.hy…,020 7961 1234
DoubleTree by Hilton Hotel London - West End,££ ,Open 24 hours,39 reviews,92 Southampton Row London WC1B 4BH United Kingdom,https://www.doubletree3.hilton.com/en/inde…,020 7242 2828
The Stafford London,££££ ,Open 24 hours,9 reviews,16-18 St James's Place London SW1A 1NJ United Kingdom,https://www.thestaffordlondon.com/english/…,020 7493 0111
The Westbourne Hyde Park,Unclaimed ,Open 24 hours,9 reviews,51 Gloucester Terrace London W2 3DQ United Kingdom,https://www.thewestbournelondon.co.uk,020 7402 5077
The Berkeley,££££ ,Open 24 hours,43 reviews,Wilton Place Knightsbridge London SW1X 7RL United Kingdom,https://www.the-berkeley.co.uk,020 7235 6000
Apex Temple Court Hotel,£££ ,Open 24 hours,24 reviews,1-2 Serjeants' Inn Fleet Street London EC4Y 1LL United Kingdom,https://www.apexhotels.co.uk,020 3004 4141
The Z Hotel ,Unclaimed ,Null,28 reviews,136-144 City Road London EC1V 2RL United Kingdom,https://www.thezhotels.com/z-shoreditch,020 3551 3700
The Holmes Hotel,££ ,Open 24 hours,20 reviews,83 Chiltern Street London W1U 6NF United Kingdom,https://www.holmeshotel.com,0333 400 6136
Best Western Buckingham Palace Road,££ ,Open 24 hours,9 reviews,10 Saint George's Drive London SW1V 4BJ United Kingdom,https://www.comfortinnbuckinghampalacerd.c…,020 7834 2988
Mile End Hotel,Unclaimed ,Null,1 review,51 Grove Road Mile End London E3 4PE United Kingdom,https://www.Get Directions,Get Directions
The Ampersand Hotel,£££ ,Open 24 hours,47 reviews,10 Harrington Road London SW7 3ER United Kingdom,https://www.ampersandhotel.com,020 7589 5895
Grosvenor Hotel,£££ ,Open 24 hours,74 reviews,101 Buckingham Palace Road London SW1W 0SJ United Kingdom,https://www.grosvenorhotel.org.uk/victoria,0871 376 9038
Hotel Indigo,Unclaimed ,Null,24 reviews,"Claim your business to immediately update business information, respond to reviews, and more!",https://www.ihg.com,0843 208 7007
The Cavendish,£££ ,Open 24 hours,34 reviews,81 Jermyn Street London SW1Y 6JF United Kingdom,https://www.thecavendish-london.co.uk,020 7930 2111
The Nadler Soho,£££ ,Open 24 hours,18 reviews,10 Carlisle Street London W1D 3BR United Kingdom,https://www.thenadler.com,020 3697 3697
Hazlitts Hotels,£££ ,Open 24 hours,27 reviews,6 Frith Street Soho Square London W1D 3JA United Kingdom,https://www.hazlittshotel.com,020 7434 1771
Miller's Hotel,Unclaimed ,9:00 AM - 7:00 PM,4 reviews,111a Westbourne Grove London W2 4UW United Kingdom,https://www.millersuk.com,020 7243 1024
The RE London Shoreditch,££ ,Open 24 hours,28 reviews,419 - 437 Hackney Road London E2 8PP United Kingdom,https://www.hotelshoreditch.com,020 7613 6500
DoubleTree by Hilton Hotel London - Westminster,££ ,Open 24 hours,77 reviews,30 John Islip Street London SW1P 4DD United Kingdom,https://www.hilton.com/en,020 7630 1000
The Marylebone Hotel,£££ ,Open 24 hours,34 reviews,47 Welbeck Street London W1G 8DN United Kingdom,https://www.doylecollection.com,020 7486 6600
Holiday Inn ,££ ,Null,18 reviews,Carburton Street London W1W 5EE United Kingdom,https://www.hilondonregentsparkhotel.co.uk,0871 942 9111
Crescent Hotel,£ ,Open 24 hours,6 reviews,49-50 Cartwright Gardens London WC1H 9EL United Kingdom,https://www.crescenthoteloflondon.com,020 7387 1515
Crowne Plaza London - The City,£££ ,Null,28 reviews,19 New Bridge Street London EC4V 6DB United Kingdom,https://www.crowneplaza.com,0871 942 9190
The Arch London,£££ ,Open 24 hours,15 reviews,50 Great Cumberland Place London W1H 7FD United Kingdom,https://www.thearchlondon.com,020 7724 4700
W London- Leicester Square,£££ ,Open 24 hours,110 reviews,10 Wardour Street Leicester Square London W1D 6QF United Kingdom,https://www.marriott.com/hotels/travel/lon…,020 7758 1000
11 Cadogan Gardens,££ ,Open 24 hours,11 reviews,11 Cadogan Gardens Knightsbridge London SW3 2RJ United Kingdom,https://www.11cadogangardens.com,020 7730 7000
Charlotte Street Hotel,£££ ,7:00 AM - 11:00 PM,29 reviews,15-17 Charlotte Street London W1T 1RJ United Kingdom,https://www.charlottestreethotel.com,020 7806 2000
Hilton London Paddington,£££ ,Open 24 hours,91 reviews,146 Praed Street London W2 1EE United Kingdom,https://www.www3.hilton.com/en/index.html,020 7850 0500
Knightsbridge Hotel,£££ ,Open 24 hours,8 reviews,10 Beaufort Gardens London SW3 1PT United Kingdom,https://www.knightsbridgehotel.co.uk,020 7584 6300
The Fielding,££ ,Null,8 reviews,4 Broad Court London WC2B 5QZ United Kingdom,https://www.thefieldinghotel.co.uk,020 7836 8305
Limetree Hotel,££ ,Open 24 hours,14 reviews,135-137 Ebury Street London SW1W 9QU United Kingdom,https://www.limetreehotel.co.uk,020 7730 8191
St. James's,Unclaimed ,Open 24 hours,15 reviews,7-8 Park Place St James's SW1A 1LS United Kingdom,https://www.stjameshotelandclub.com,020 7316 1600
Holiday Inn Hotel London Kensington Forum,££ ,Open 24 hours,63 reviews,97 Cromwell Road London SW7 4DN United Kingdom,https://www.hikensingtonforumhotel.co.uk,0871 942 9100
Mercure London Bridge,Unclaimed ,Null,13 reviews,77 Southwark Street London SE1 0JA United Kingdom,https://www.mercure.com,020 7660 0683
Royal Park Hotel,Unclaimed ,Null,16 reviews,3 Westbourne Terrace London W2 3UL United Kingdom,https://www.theroyalpark.com,020 7479 6600
The Montcalm London Marble Arch,Unclaimed ,Open 24 hours,14 reviews,34 - 40 Great Cumberland Place London W1H 7TW United Kingdom,https://www.montcalm.co.uk,020 7958 3200
Pasha Hotel,Unclaimed ,Null,5 reviews,158 Camberwell Road London SE5 0EE United Kingdom,https://www.pashahotel.co.uk,020 7703 5054
Luna Simone Hotel,££ ,Open 24 hours,22 reviews,47-49 Belgrave Road London SW1V 2BB United Kingdom,https://www.lunasimonehotel.com,020 7834 5897
The Rathbone,££ ,12:00 PM - 12:00 PM (Next day),15 reviews,30 Rathbone Street London W1T 1LB United Kingdom,https://www.rathbonehotel.co.uk,020 7636 2001
InterContinental London - The O2,£££ ,Open 24 hours,19 reviews,1 Waterview Drive Greenwich Peninsula London SE10 0TW United Kingdom,https://www.iclondon-theo2.com,020 8463 6868
The Goring,Unclaimed ,Open 24 hours,34 reviews,15 Beeston Place London SW1W 0JW United Kingdom,https://www.thegoring.com,020 7396 9000
London House,££ ,Open 24 hours,33 reviews,81 Kensington Gardens Square London W2 4DJ United Kingdom,https://www.londonhousehotels.com,020 7243 1810
Rosewood London,££££ ,Open 24 hours,35 reviews,252 High Holborn London WC1V 7EN United Kingdom,https://www.rosewoodhotels.com,020 7781 8888
One Aldwych,£££ ,Open 24 hours,51 reviews,1 Aldwych London WC2B 4BZ United Kingdom,https://www.onealdwych.com,020 7300 1000
Oakley Hotel,££ ,8:00 AM - 9:00 PM,3 reviews,73 Oakley Street London SW3 5HF United Kingdom,https://www.oakleyhotel.com,020 7352 5599
Afternoon Tea,£££ ,Open 24 hours,13 reviews,17-19 Egerton Terrace London SW3 2BX United Kingdom,https://www.egertonhousehotel.com/food-and…,020 7589 2412
The Royal Horseguards Hotel,£££ ,Open 24 hours,76 reviews,2 Whitehall Court London SW1A 2EJ United Kingdom,https://www.theroyalhorseguards.com,0871 376 9033
St Paul's Hotel,Unclaimed ,Null,5 reviews,153 Hammersmith Road London W14 0QL United Kingdom,https://www.stpaulhotel.co.uk,04402 0884 69119
Park Avenue Baker Street,Unclaimed ,Null,3 reviews,173 Gloucester Place London NW1 6DX United Kingdom,https://www.parkavenuebakerstreet.co.uk,020 7724 3461
Park Plaza London Riverbank,£££ ,Open 24 hours,54 reviews,18 Albert Embankment London SE1 7TJ United Kingdom,https://www.radissonhotels.com/en-us/hotel…,0333 400 6120
Radisson Blu Edwardian Hampshire,£££ ,Open 24 hours,24 reviews,31-36 Liecester Square London WC2H 7LH United Kingdom,https://www.radissonblu-edwardian.com/lond…,020 7839 9399
The Pelham,£££ ,Open 24 hours,16 reviews,15 Cromwell Place London SW7 2LA United Kingdom,https://www.pelhamhotel.co.uk,020 7589 8288
Covent Garden Hotel,££££ ,Null,36 reviews,By Vikki C.,https://www.firmdalehotels.com,020 7806 1000
The Grand at Trafalgar Square,Unclaimed ,Null,95 reviews,8 Northumberland Ave London WC2N 5BY United Kingdom,https://www.thegrandattrafalgarsquare.com,020 7839 8877
Motel One London,Unclaimed ,Null,20 reviews,24-26 Minories London EC3N 1BQ United Kingdom,https://www.motel-one.com/de/hotels/london…,020 7481 6420
Morgan Hotel,££ ,10:00 AM - 12:00 AM (Next day),2 reviews,24 Bloomsbury Street London WC1B 3QJ United Kingdom,https://www.morganhotel.co.uk,020 7636 3735
The Kensington Gardens Hotel,Unclaimed ,Null,1 review,9 Kensington Gardens Square Bayswater London W2 4BH United Kingdom,https://www.kensingtongardenshotel.co.uk,020 7221 7790
Premier Inn,Unclaimed ,Open 24 hours,18 reviews,County Hall Belvedere Road London SE1 7PB United Kingdom,https://www.premierinn.com,0871 527 8648
.Kip,££ ,Open 24 hours,4 reviews,7-19 Amhurst Road Hackney Central London E8 1JW United Kingdom,https://www.getsomekip.com,020 8629 7884
Rembrandt Hotel,£££ ,Open 24 hours,44 reviews,11 Thurloe Place London SW7 2RS United Kingdom,https://www.sarova-rembrandthotel.com,020 7589 8100
The Windermere - Hotel & Brasserie,££ ,Open 24 hours,16 reviews,142-144 Warwick Way London SW1V 4JE United Kingdom,https://www.windermere-hotel.co.uk,020 7834 5163
"St. James' Court, A Taj Hotel",Unclaimed ,Open 24 hours,48 reviews,54 Buckingham Gate London SW1E 6AF United Kingdom,https://www.stjamescourthotel.co.uk,020 7834 6655
Cherry Court Hotel,££ ,Open 24 hours,11 reviews,23 Hugh Street London SW1V 1QJ United Kingdom,https://www.cherrycourthotel.co.uk,020 7828 2840
DoubleTree by Hilton Hotel London - Docklands Riverside,£££ ,Open 24 hours,8 reviews,265A Rotherhithe Street London SE16 5HW United Kingdom,https://www.hilton.com,020 7231 1001
The Zetter Townhouse Marylebone,£££ ,7:00 AM - 1:00 AM (Next day),12 reviews,28-30 Seymour Street London W1H 7JB United Kingdom,https://www.thezettertownhouse.com,020 7324 4544
Ruben S Hotel,Unclaimed ,Null,1 review,39-41 Buckingham Palace Road London SW1W 0PS United Kingdom,https://www.Get Directions,Get Directions
Danubius Hotel,£££ ,12:00 AM - 12:00 PM,25 reviews,18 Lodge Road St John's Wood London NW8 7JT United Kingdom,https://www.danubiuslondon.co.uk,020 7722 7722
Nobu Hotel Shoreditch,££££ ,Open 24 hours,11 reviews,10-50 Willow Street London EC2A 4BH United Kingdom,https://www.nobuhotelshoreditch.com,020 7683 1200
Bulgari Hotel - London,££££ ,Open 24 hours,9 reviews,171 Knightsbridge London SW7 1DW United Kingdom,https://www.bulgarihotels.com,020 7151 1010
"The Trafalgar St. James, Curio Collection by Hilton",£££ ,Open 24 hours,50 reviews,2 Spring Gardens Trafalgar Square London SW1A 2TS United Kingdom,https://www.curiocollection3.hilton.com,020 7870 2900
Sheraton Grand London Park Lane,£££ ,11:00 AM - 11:00 PM,106 reviews,Piccadilly London W1J 7BX United Kingdom,https://www.marriott.com/hotels/travel/lon…,020 7499 6321
The Russell House Hotel,Unclaimed ,6:00 AM - 11:30 PM,"Hotels, ",11 Bernard Street Bloomsbury London WC1N 1LN United Kingdom,https://www.Get Directions,Get Directions
Royal Lancaster London,Unclaimed ,Open 24 hours,41 reviews,Lancaster Terrace London W2 2TY United Kingdom,https://www.lancasterlondon.com,020 7551 6000
City Hotel London,££ ,6:00 AM - 5:30 AM (Next day),6 reviews,12-20 Osborn Street London E1 6TE United Kingdom,https://www.cityhotellondon.co.uk,020 7247 3313
The Sumner Hotel,Unclaimed ,Open 24 hours,11 reviews,54 Upper Berkeley Street London W1H 7QR United Kingdom,https://www.thesumner.com,020 7723 2244
Henrietta,Null,Open 24 hours,5 reviews,14-15 Henrietta St London WC2E 8QH United Kingdom,https://www.henriettahotel.com,020 3794 5314
Bankside Hotel,Null,Open 24 hours,7 reviews,2 Blackfrairs Road London SE1 9JU United Kingdom,https://www.banksidehotel.com/contact-us,020 3319 5988
Club Quarters,££ ,Null,42 reviews,8 Northumberland Avenue Trafalgar Square London WC2N 5BY United Kingdom,https://www.clubquarters.com,020 7839 9333
Hotel Café Royal,£££ ,Open 24 hours,65 reviews,68 Regent Street London W1B 4DY United Kingdom,https://www.hotelcaferoyal.com,020 7406 3333
Taj,Unclaimed ,Open 24 hours,8 reviews,45-51 Buckingham Gate Westminster SW1E 6AF United Kingdom,https://www.taj51buckinghamgate.co.uk,020 7769 7766
Strand Palace,££ ,6:00 AM - 6:00 AM (Next day),99 reviews,372 Strand London WC2R 0JJ United Kingdom,https://www.strandpalacehotel.co.uk,020 7379 4737
Bluebells and Seashells,Unclaimed ,12:00 PM - 12:00 AM (Next day),"Travel Services, ",62 spring gardens London N5 2DT United Kingdom,https://www.bluebellsandseashells.co.uk,Get Directions
40 Winks,£££ ,Open 24 hours,3 reviews,Restaurants,https://www.40winks.org,020 7790 0259
The Rockwell Hotel,Unclaimed ,Open 24 hours,8 reviews,181-183 Cromwell Road London SW5 0SF United Kingdom,https://www.therockwell.com,020 7244 2000
Harlingford Hotel,Unclaimed ,Null,15 reviews,61-63 Cartwright Gardens London WC1H 9EL United Kingdom,https://www.harlingfordhotel.com,020 7387 1551
Ibis Hotel,Unclaimed ,Open 24 hours,20 reviews,5 Commercial Street London E1 6BF United Kingdom,https://www.ibis.com,020 7422 8400
Hilton London Bankside,£££ ,Open 24 hours,23 reviews,2-8 Great Suffolk Street London SE1 0UG United Kingdom,https://www.www3.hilton.com,020 3667 5600
The California,£ ,Open 24 hours,9 reviews,4-8 Belgrove Street St Pancras London WC1H 8AB United Kingdom,https://www.thecalifornialondon.com,020 7837 7629
Brewers Inn,Unclaimed ,7:00 AM - 11:30 PM,20 reviews,147 East Hill London SW18 2QB United Kingdom,https://www.brewersinn.co.uk,020 8874 4128
The Dixon,Null,Open 24 hours,14 reviews,211 Tooley Street London SE1 2JX United Kingdom,https://www.thedixon.co.uk,020 3959 2900
Lowndes Hotel,Unclaimed ,Null,8 reviews,21 Lowndes Street London SW1X 9ES United Kingdom,https://www.jumeirahlowndeshotel.com,020 7823 1234
Thanet Hotel,££ ,Null,5 reviews,8 Bedford Place London WC1B 5JA United Kingdom,https://www.thanethotel.co.uk,020 7580 3377
Le Méridien Piccadilly,£££ ,Open 24 hours,103 reviews,21 Piccadilly London W1J 0BH United Kingdom,https://www.marriott.com/hotels/travel/lon…,020 7734 8000
Thistle Piccadilly Hotel,Unclaimed ,Open 24 hours,12 reviews,39 Coventry Street London W1D 6BZ United Kingdom,https://www.thistlehotels.com/piccadilly,020 7930 4033
The W14 Kensington,£ ,Open 24 hours,10 reviews,16-22 Gunterstone Road West Kensington W14 9BX United Kingdom,https://www.thew14hotel.co.uk,020 7602 6600
The Athenaeum Hotel,£££ ,Null,54 reviews,Mayfair 116 Piccadilly London W1J 7BJ United Kingdom,https://www.athenaeumhotel.com,020 7499 3464
Holiday Inn Express Hotel London-Golders Green North,££ ,Null,4 reviews,58 Regents Park Road London N3 3JN United Kingdom,https://www.hiexpress.co.uk,020 8371 6060
Apex City of London Hotel,££ ,Open 24 hours,35 reviews,1 Seething Lane London EC3N 4AX United Kingdom,https://www.apexhotels.co.uk,020 7702 2020
Mimi's Hotel Soho,Unclaimed ,Open 24 hours,8 reviews,56-57 Frith St London W1D 3JG United Kingdom,https://www.mimishotelsoho.com,020 8017 9100
Avo Hotel,££ ,Open 24 hours,2 reviews,82 Dalston Lane Dalston Hackney London E8 3AH United Kingdom,https://www.avohotel.com,020 3490 5061
Ace Hotel,£££ ,Open 24 hours,78 reviews,100 Shoreditch High Street London E1 6JQ United Kingdom,https://www.acehotel.com/london,020 7613 9800
Princess Hotel,Unclaimed ,Null,3 reviews,35-37 Argyle Street London WC1H 8EP United Kingdom,https://www.princesshotel.co.uk,020 7278 6895
"The Capital Hotel, Apartments and Townhouse - London",£££ ,Open 24 hours,16 reviews,22-24 Basil Street London SW3 1AT United Kingdom,https://www.warwickhotels.com/the-capital,020 7589 5171
The Belgrave,£££ ,Null,16 reviews,80-86 Belgrave Road London SW1V 2BJ United Kingdom,https://www.the-belgrave.com,020 7828 8661
Church Street Hotel,Unclaimed ,Null,5 reviews,29-33 Camberwell Church St London SE5 8TR United Kingdom,https://www.churchstreethotel.com,020 7703 5984
The Draycott,£££ ,Open 24 hours,4 reviews,26 Cadogan Gardens London SW3 2RP United Kingdom,https://www.draycotthotel.com,020 7730 6466
The Rookery,£££ ,Null,11 reviews,12 Peter's Lane London EC1M 6DS United Kingdom,https://www.rookeryhotel.com,020 7336 0931
Best Western Palm Hotel,Unclaimed ,Null,4 reviews,64-76 Hendon Way London NW2 2NL United Kingdom,https://www.palmhoteluk.com,020 8455 5220
The Lodge Hotel,Unclaimed ,Null,4 reviews,52-54 Upper Richmond Road London SW15 2RN United Kingdom,https://www.thelodgehotellondon.com,020 8874 1598
Byron Hotel,££ ,Open 24 hours,6 reviews,36-38 Queensborough Terrace London W2 3SH United Kingdom,https://www.capricornhotels.co.uk/hotel_by…,020 7243 0987
